id,full_name,address
clean_000,Donald Johnson,"4507 Lincoln Boulevard, Oxford, 28289"
clean_001,Mark Baker,"8936 Park Lane, Chester, 65302"
clean_002,David Johnson,"1536 Washington Avenue, Oxford, 76237"
clean_003,Michael Scott,"3258 Garden Lane, Troy, 64987"
clean_004,Ryan Lewis,"9655 First Street, Springfield, 30926"
clean_005,Donna Perez,"4553 Cedar Road, Salem, 54118"
clean_006,Mark Garcia,"6225 Maple Drive, Hudson, 55082"
clean_007,Jonathan Williams,"7528 Broad Street, Arlington, 59615"
clean_008,Daniel Scott,"4804 Hill Street, Greenville, 57400"
clean_009,Ronald Rivera,"1140 Oak Avenue, Oxford, 47930"
clean_010,Daniel Anderson,"1655 Church Street, Clinton, 69429"
clean_011,Jessica Hernandez,"6066 Elm Street, Salem, 97841"
clean_012,Stephen Hall,"1170 Valley Drive, Madison, 80010"
clean_013,Nicholas Hernandez,"7574 Church Street, Clinton, 93886"
clean_014,Ryan Baker,"5314 Oak Avenue, Oxford, 14207"
clean_015,Patricia Sanchez,"4387 Park Lane, Salem, 84341"
clean_016,Patricia Wilson,"8180 Church Street, Richmond, 28726"
clean_017,Jonathan Rodriguez,"4041 River Road, Troy, 80644"
clean_018,Jonathan Nguyen,"7020 Mill Road, Bristol, 57447"
clean_019,Ryan Rodriguez,"8349 Center Street, Georgetown, 16175"
clean_020,Donald Martinez,"2622 Forest Avenue, Clayton, 88172"
clean_021,Christopher Harris,"6253 Valley Drive, Richmond, 79352"
clean_022,Eric Scott,"189 Forest Avenue, Arlington, 99353"
clean_023,Helen Moore,"5574 Maple Drive, Dover, 66985"
clean_024,Kevin Robinson,"54 River Road, Clinton, 75612"
clean_025,George Allen,"1744 Hill Street, Dover, 93748"
clean_026,Lisa Hill,"3259 Cedar Road, Hudson, 31174"
clean_027,Betty Smith,"9814 Third Street, Auburn, 12552"
clean_028,Donald White,"5039 Lincoln Boulevard, Franklin, 41571"
clean_029,Daniel Garcia,"7963 Park Lane, Troy, 26483"
clean_030,Paul Nelson,"7788 Broad Street, Madison, 44741"
clean_031,Betty Hill,"6933 Washington Avenue, Troy, 36365"
clean_032,Mary Sanchez,"6119 Market Street, Ashland, 69177"
clean_033,Steven Thomas,"3682 Park Lane, Newport, 12757"
clean_034,Jacob Nguyen,"3609 Main Street, Georgetown, 92719"
clean_035,Thomas Anderson,"1105 Oak Avenue, Newport, 19287"
clean_036,Nancy Thomas,"4563 Forest Avenue, Auburn, 38080"
clean_037,Paul Campbell,"9356 Mill Road, Auburn, 41850"
clean_038,Sarah Clark,"3120 Maple Drive, Arlington, 96374"
clean_039,Carol Thompson,"6940 High Street, Richmond, 17100"
clean_040,Anthony Brown,"6597 River Road, Newport, 24322"
clean_041,Nicholas Gonzalez,"3117 Broad Street, Richmond, 28373"
clean_042,Donna Lopez,"4564 Market Street, Oxford, 19880"
clean_043,Ruth Scott,"1605 Oak Avenue, Troy, 11934"
clean_044,Matthew Thomas,"2725 High Street, Auburn, 73092"
clean_045,Jeffrey Sanchez,"961 Pine Street, Bristol, 10282"
clean_046,Nancy Taylor,"7455 Second Avenue, Clayton, 82845"
clean_047,Deborah Martinez,"3112 Second Avenue, Salem, 17665"
clean_048,Thomas Lee,"937 Oak Avenue, Chester, 72493"
clean_049,Lisa King,"2580 Oak Avenue, Ashland, 20500"
clean_050,Timothy Jones,"9750 Park Lane, Oxford, 62923"
clean_051,Steven Torres,"4034 Mill Road, Greenville, 15209"
clean_052,Daniel Clark,"9563 Mill Road, Ashland, 51467"
clean_053,Jonathan Wilson,"5148 Lincoln Boulevard, Clinton, 61876"
clean_054,Paul Nelson,"4916 Market Street, Newport, 19508"
clean_055,Robert Robinson,"9225 Maple Drive, Georgetown, 80468"
clean_056,Jeffrey Allen,"4346 Cedar Road, Hudson, 19016"
clean_057,Nicholas White,"4670 Pine Street, Richmond, 81200"
clean_058,Brandon Flores,"8667 Main Street, Troy, 49240"
clean_059,Mark Rodriguez,"4334 Maple Drive, Arlington, 82512"
clean_060,Kenneth Moore,"4617 Valley Drive, Salem, 54942"
clean_061,Edward Baker,"4326 Spring Street, Auburn, 42914"
clean_062,Richard Garcia,"6940 First Street, Franklin, 10464"
clean_063,Linda Rodriguez,"4292 Pine Street, Richmond, 82309"
clean_064,Donna Scott,"159 Maple Drive, Georgetown, 29536"
clean_065,David White,"9544 Broad Street, Fairview, 66333"
clean_066,Paul Williams,"5051 Elm Street, Franklin, 56898"
clean_067,Edward Baker,"4089 Forest Avenue, Arlington, 56357"
clean_068,Helen Flores,"2533 Lincoln Boulevard, Madison, 33206"
clean_069,Helen Johnson,"2939 River Road, Newport, 63964"
clean_070,Nicholas Moore,"2609 Garden Lane, Arlington, 60140"
clean_071,David Walker,"3645 Washington Avenue, Richmond, 55830"
clean_072,Mary Anderson,"3653 Main Street, Salem, 62227"
clean_073,Linda Moore,"1138 First Street, Hudson, 94080"
clean_074,Nancy Sanchez,"8786 Third Street, Springfield, 25118"
clean_075,Jonathan Lopez,"9513 First Street, Franklin, 24208"
clean_076,Carol Thompson,"5140 High Street, Greenville, 77033"
clean_077,Donald Harris,"9447 Washington Avenue, Clinton, 15817"
clean_078,Carol Smith,"8519 Broad Street, Salem, 57739"
clean_079,Carol Jones,"5410 Valley Drive, Newport, 96951"
clean_080,Steven Campbell,"4921 Spring Street, Dover, 97410"
clean_081,Helen Lee,"6593 Garden Lane, Dover, 82667"
clean_082,Paul Gonzalez,"6889 Forest Avenue, Bristol, 98777"
clean_083,George Flores,"9325 Second Avenue, Bristol, 81819"
clean_084,James Martin,"4701 Washington Avenue, Clayton, 86019"
clean_085,Jennifer Robinson,"7239 Market Street, Salem, 77000"
clean_086,Sarah Hernandez,"1390 Second Avenue, Ashland, 97012"
clean_087,Linda Garcia,"3849 Forest Avenue, Dover, 39444"
clean_088,Jason Martinez,"401 Oak Avenue, Oxford, 72277"
clean_089,Charles Robinson,"6791 Hill Street, Chester, 35485"
clean_090,Nancy Young,"6548 Lincoln Boulevard, Fairview, 95990"
clean_091,James Miller,"6966 Lincoln Boulevard, Madison, 77889"
clean_092,Laura Brown,"9133 Lincoln Boulevard, Arlington, 69829"
clean_093,Andrew Robinson,"8703 Broad Street, Greenville, 51588"
clean_094,Ruth Flores,"8271 High Street, Troy, 68446"
clean_095,Kevin Walker,"7374 First Street, Oxford, 93579"
clean_096,Larry King,"7940 Hill Street, Oxford, 45992"
clean_097,Ruth Jones,"4682 Lincoln Boulevard, Clinton, 54020"
clean_098,Patricia Wright,"1321 Cedar Road, Fairview, 40311"
clean_099,Nancy Hall,"2504 Garden Lane, Salem, 18418"
clean_100,Sandra Clark,"5422 Broad Street, Richmond, 64496"
clean_101,Thomas Wilson,"6884 Church Street, Chester, 12560"
clean_102,Karen Walker,"97 Elm Street, Dover, 61116"
clean_103,Sandra Wright,"8948 Valley Drive, Oxford, 73993"
clean_104,Ryan Moore,"7141 Center Street, Springfield, 60968"
clean_105,Elizabeth Nelson,"6625 River Road, Madison, 71261"
clean_106,Paul Flores,"8752 Main Street, Bristol, 87580"
clean_107,Michael Garcia,"7023 Cedar Road, Richmond, 33819"
clean_108,Richard Taylor,"6212 Third Street, Salem, 69598"
clean_109,Jennifer Perez,"6212 First Street, Clayton, 43065"
clean_110,Daniel Walker,"318 River Road, Troy, 16826"
clean_111,Barbara Anderson,"1125 Hill Street, Franklin, 14067"
clean_112,Nicholas Gonzalez,"334 Valley Drive, Fairview, 41266"
clean_113,Paul Walker,"1875 Mill Road, Salem, 70952"
clean_114,Eric White,"2750 Valley Drive, Greenville, 25012"
clean_115,Kevin Martin,"1772 Mill Road, Springfield, 50888"
clean_116,Karen Sanchez,"3250 Park Lane, Chester, 92213"
clean_117,Nicholas Miller,"4942 Forest Avenue, Greenville, 25866"
clean_118,William Thompson,"8729 High Street, Hudson, 19038"
clean_119,Lisa Adams,"5591 Main Street, Clayton, 74251"
clean_120,Mark Ramirez,"5935 Hill Street, Richmond, 30052"
clean_121,Carol Lopez,"8549 Hill Street, Clinton, 90728"
clean_122,Helen Walker,"7617 High Street, Chester, 45179"
clean_123,Jennifer Thomas,"1420 First Street, Richmond, 41963"
clean_124,Laura Torres,"6210 Third Street, Springfield, 74789"
clean_125,Jennifer Lopez,"7989 Washington Avenue, Hudson, 43862"
clean_126,Elizabeth Moore,"9768 Garden Lane, Clinton, 82848"
clean_127,Robert King,"3131 Park Lane, Oxford, 63271"
clean_128,Deborah Scott,"3938 Garden Lane, Auburn, 94659"
clean_129,Deborah Lewis,"283 Park Lane, Dover, 39045"
clean_130,Betty Hall,"3987 Second Avenue, Chester, 58368"
clean_131,Sarah Scott,"8699 Elm Street, Clayton, 82140"
clean_132,Linda Thompson,"7435 First Street, Dover, 42951"
clean_133,Jacob Davis,"3156 Third Street, Arlington, 80236"
clean_134,Timothy Gonzalez,"3546 River Road, Auburn, 46241"
clean_135,Betty Hill,"4637 Maple Drive, Salem, 48829"
clean_136,Jacob White,"2940 Second Avenue, Springfield, 80010"
clean_137,Paul Moore,"746 Oak Avenue, Troy, 48290"
clean_138,Paul Green,"8043 Maple Drive, Springfield, 85243"
clean_139,Justin Walker,"7844 Market Street, Newport, 34164"
clean_140,Richard Taylor,"7828 Maple Drive, Georgetown, 62521"
clean_141,Deborah Jones,"9454 Hill Street, Franklin, 29887"
clean_142,Kenneth Torres,"4979 Park Lane, Oxford, 25525"
clean_143,Sandra Hill,"9767 Valley Drive, Oxford, 78494"
clean_144,Karen Lewis,"7254 Second Avenue, Chester, 66207"
clean_145,Mary Torres,"987 Valley Drive, Arlington, 37235"
clean_146,Jeffrey Taylor,"1331 Pine Street, Oxford, 32782"
clean_147,Charles Hernandez,"44 High Street, Richmond, 87832"
clean_148,Sarah Jackson,"535 Lincoln Boulevard, Dover, 47056"
clean_149,Michelle Jones,"3825 First Street, Chester, 96662"
