messy_id,full_name,address,true_match_id
messy_000,Dnald Johnson,"4507 Lincoln Boulevard, Oxford, 28289",clean_000
messy_001,"Baker, Mark","8936 Park Lane, Chester, 65302",clean_001
messy_002,David Johnson,"1536 Washington Avenue, Oxford",clean_002
messy_003,Mihael Scott,"3258 Garden Lane, Troy, 64987",clean_003
messy_004,Ryan Lewis,"9655 First Street, Springfield, 30926",clean_004
messy_005,Donna Perez,"4553 Cedar Road, Salem, 54118",clean_005
messy_006,Mark Garca,"6225 Maple Drive, Hudson, 55082",clean_006
messy_007,Jonathan Williams,"7528 Broad Street, Arlington",clean_007
messy_008,Daniel Scott,"Greenville, 4804 Hill Street, 57400",clean_008
messy_009,Ronald Rivera,"1140 Oak Ave, Oxford, 47930",clean_009
messy_010,Dan Anderson,"1655 Church Street, Clinton, 69429",clean_010
messy_011,Jessica Hernandez,"6066 Elm St, Salem, 97841",clean_011
messy_012,Stephen Hall,"1170 Valley Drive, Madison",clean_012
messy_013,Nicholas Hernandez,"7574 Church Stree, Clinton, 93886",clean_013
messy_014,Ryan Baker,"Oxford, 5314 Oak Avenue, 14207",clean_014
messy_015,Patricia Sanchez,"4387 Park Ln, Salem, 84341",clean_015
messy_016,Pat Wilson,"8180 Church Street, Richmond, 28726",clean_016
messy_017,"Rodriguez, Jonathan","4041 River Road, Troy, 80644",clean_017
messy_018,Jonathan Nguyen,"7020 Mill Rd, Bristol, 57447",clean_018
messy_019,Ryan Rodriguez,"8349 Center Street, Georgetown",clean_019
messy_020,Donald Martinez,"222 Forest Avenue, Clayton, 88172",clean_020
messy_021,Chris Harris,"6253 Valley Drive, Richmond, 79352",clean_021
messy_022,EricS cott,"189 Forest Avenue, Arlington, 99353",clean_022
messy_023,"Moore, Helen","5574 Maple Drive, Dover, 66985",clean_023
messy_024,Kevin Roinson,"54 River Road, Clinton, 75612",clean_024
messy_025,George Allen,"1744 Hill Street, Dover",clean_025
messy_026,Lisa Hill,"3259 Cedar Rd, Hudson, 31174",clean_026
messy_027,Betty Smith,"9814 Third Street,A uburn, 12552",clean_027
messy_028,Donald White,"5039 Lincoln Blvd, Franklin, 41571",clean_028
messy_029,Daniel Garcia,"7963 Park Lane, Troy",clean_029
messy_030,Paul Nelson,"7788 Broad St, Madison, 44741",clean_030
messy_031,Betty Hill,"6933 Washington Avenue, Troy, 36365",clean_031
messy_032,Mary Sanchez,"6119 Market St, Ashland, 69177",clean_032
messy_033,Steven Thomas,"3682 Park ane, Newport, 12757",clean_033
messy_034,Jacob Nguyen,"3609 Main tSreet, Georgetown, 92719",clean_034
messy_035,Thomas Anderson,"1105 Oak Avenue, Newpot, 19287",clean_035
messy_036,Nancy Thomas,"4563 Forest Ave, Auburn, 38080",clean_036
messy_037,Paul Campbell,"9356 Mill Road, Auburn, 4150",clean_037
messy_038,"Clark, Sarah","3120 Maple Drive, Arlington, 96374",clean_038
messy_039,Carol Thompson,"6940 High St, Richmond, 17100",clean_039
messy_040,Tony Brown,"6597 River Road, Newport, 24322",clean_040
messy_041,Nicholas Gonzalez,"3117 Broad Street, Rchmond, 28373",clean_041
messy_042,Donna Lopez,"4564 Market Street, Oxford, 19880",clean_042
messy_043,Ruth Scott,"1605 Oak Ave, Troy, 11934",clean_043
messy_044,"Thomas, Matthew","2725 High Street, Auburn, 73092",clean_044
messy_045,Jeffrey Sanchez,"961 Pine Street, Bristol",clean_045
messy_046,Nancy Taylor,"Clayton, 7455 Second Avenue, 82845",clean_046
messy_047,Deborah Martinez,"3112 Second Ave, Salem, 17665",clean_047
messy_048,Thomas Lee,"937 Oak Avenue, Chester, 72493",clean_048
messy_049,Lisa Kig,"2580 Oak Avenue, Ashland, 20500",clean_049
messy_050,Timothy Jones,"9750 Park Lane, Oxford",clean_050
messy_051,Steven Torres,"4034 Mill Rd, Greenville, 15209",clean_051
messy_052,Dan Clark,"9563 Mill Road, Ashland, 51467",clean_052
messy_053,JonathanWilson,"5148 Lincoln Boulevard, Clinton, 61876",clean_053
messy_054,Paul Neson,"4916 Market Street, Newport, 19508",clean_054
messy_055,Robert Robinson,"9225 Maple Drive, Georgetown",clean_055
messy_056,Jeffrey Allen,"4346 Cedar Rd, Hudson, 19016",clean_056
messy_057,Nicholas White,"4670 Pine Street, Richmond, 81200",clean_057
messy_058,Brandon Flores,"8667 Main Street, Troy, 49240",clean_058
messy_059,Mark Rodriguez,"4334 Maple Drive, Arlington",clean_059
messy_060,"Moore, Kenneth","4617 Valley Drive, Salem, 54942",clean_060
messy_061,Edward Baker,"4326 Spring Street, Auburn",clean_061
messy_062,Richard arcia,"6940 First Street, Franklin, 10464",clean_062
messy_063,Lynn Rodriguez,"4292 Pine Street, Richmond, 82309",clean_063
messy_064,Donna Scott,"Georgetown, 159 Maple Drive, 29536",clean_064
messy_065,Dave White,"9544 Broad Street, Fairview, 66333",clean_065
messy_066,Paul Williams,"5051 Elm Street, Franklin, 56898",clean_066
messy_067,Edward Baker,"4089 Forest Avenue, Arlington, 56357",clean_067
messy_068,Helen Flores,"2533 Lincoln Boulevard, Madison",clean_068
messy_069,Helen Johnsn,"2939 River Road, Newport, 63964",clean_069
messy_070,Nicholas Moore,"2609 Garden Lane, Arlingto, 60140",clean_070
messy_071,David Walker,"3645 Washington Ave, Richmond, 55830",clean_071
messy_072,Mary Anderson,"3653 Main St, Salem, 62227",clean_072
messy_073,Linda More,"1138 First Street, Hudson, 94080",clean_073
messy_074,Nany Sanchez,"8786 Third Street, Springfield, 25118",clean_074
messy_075,"Lopez, Jonathan","9513 First Street, Franklin, 24208",clean_075
messy_076,Carol Thompson,"5140 High Street, Greenville, 77033",clean_076
messy_077,Donald Harris,"9447 Washington Avenu, Clinton, 15817",clean_077
messy_078,Carol Smith,"Salem, 8519 Broad Street, 57739",clean_078
messy_079,Carol Jones,"5410 Valley Drive, Newport, 96951",clean_079
messy_080,Steven Campbell,"4921 Spring Street, Dover, 9741",clean_080
messy_081,Helen Le,"6593 Garden Lane, Dover, 82667",clean_081
messy_082,Paul Gonzalez,"6889 Forest Ave, Bristol, 98777",clean_082
messy_083,George Flores,"9325 Second Avenue, Brisol, 81819",clean_083
messy_084,James Martin,"4701 Washington Ave, Clayton, 86019",clean_084
messy_085,Jennifer Robinson,"7239 Market Street, Saelm, 77000",clean_085
messy_086,Sarh Hernandez,"1390 Second Avenue, Ashland, 97012",clean_086
messy_087,Linda Garcia,"3849 Forest Ave, Dover, 39444",clean_087
messy_088,Jason Martinez,"401 Oak Avenue, Oxford, 72277",clean_088
messy_089,Charles Robinson,"6791 Hill Street, Cheste, 35485",clean_089
messy_090,Nancy Young,"6548 Lincoln Blvd, Fairview, 95990",clean_090
messy_091,James Miller,"6966 Lincoln Boulevard, Madison",clean_091
messy_092,Laura Brown,"9133 Lincoln Boulevard, Arlington",clean_092
messy_093,ndrew Robinson,"8703 Broad Street, Greenville, 51588",clean_093
messy_094,Rth Flores,"8271 High Street, Troy, 68446",clean_094
messy_095,Kevin Walker,"7374 First St, Oxford, 93579",clean_095
messy_096,Larry King,"7940 Hill Street, Oxford, 45992",clean_096
messy_097,Ruth Jones,"Clinton, 4682 Lincoln Boulevard, 54020",clean_097
messy_098,Pat Wright,"1321 Cedar Road, Fairview, 40311",clean_098
messy_099,Nancy Hall,"2504 Garden Lane, Salem",clean_099
messy_100,Sandra Clak,"5422 Broad Street, Richmond, 64496",clean_100
messy_101,Thomas iWlson,"6884 Church Street, Chester, 12560",clean_101
messy_102,Karen Walker,"97 Elm Street, Dove, 61116",clean_102
messy_103,Sandra Wright,"8948 Valley Drive, Oxford",clean_103
messy_104,Ryan Moore,"7141 Center St, Springfield, 60968",clean_104
messy_105,Elizabeth Nelson,"6625 River Road, Madison",clean_105
messy_106,Paul Flores,"8752 Main Street, Bristol, 87580",clean_106
messy_107,Michael Garcia,"7023 Cedar Road, Ricmond, 33819",clean_107
messy_108,Richard Taylor,"6212 Third Street, Salem",clean_108
messy_109,Jennifer Perez,"6212 First Street, Clayton",clean_109
messy_110,Daniel Walker,"318 River Rd, Troy, 16826",clean_110
messy_111,"Anderson, Barbara","1125 Hill Street, Franklin, 14067",clean_111
messy_112,"Gonzalez, Nicholas","334 Valley Drive, Fairview, 41266",clean_112
messy_113,Pau Walker,"1875 Mill Road, Salem, 70952",clean_113
messy_114,Eric White,"2750 Valley Drive, Greenville",clean_114
messy_115,Kevin Martin,"1772 Mill Road, Springfield, 50888",clean_115
messy_116,Karen Sanchez,"3250 Park Ln, Chester, 92213",clean_116
messy_117,Nicholas Miller,"4942 Forest Avenue, Greenville, 25866",clean_117
messy_118,William Thompson,"8729 High Street, Hudson",clean_118
messy_119,Lisa Adams,"5591 Main Street, Clayton",clean_119
messy_120,Mark Ramirez,"5935 Hill Street, Richmond, 30052",clean_120
messy_121,Carol Lopez,"8549 Hill St, Clinton, 90728",clean_121
messy_122,elen Walker,"7617 High Street, Chester, 45179",clean_122
messy_123,Jen Thomas,"1420 First Street, Richmond, 41963",clean_123
messy_124,Laura Torres,"6210 Third Street,S pringfield, 74789",clean_124
messy_125,Jennifer Lopez,"7989 Washington Avenue, Hudon, 43862",clean_125
messy_126,Elizabet hMoore,"9768 Garden Lane, Clinton, 82848",clean_126
messy_127,Robert King,"3131 Park Ln, Oxford, 63271",clean_127
messy_128,"Scott, Deborah","3938 Garden Lane, Auburn, 94659",clean_128
messy_129,Dbeorah Lewis,"283 Park Lane, Dover, 39045",clean_129
messy_130,Betty Hall,"Chester, 3987 Second Avenue, 58368",clean_130
messy_131,"Scott, Sarah","8699 Elm Street, Clayton, 82140",clean_131
messy_132,Linda Thompson,"7435 First St, Dover, 42951",clean_132
messy_133,"Davis, Jacob","3156 Third Street, Arlington, 80236",clean_133
messy_134,Timothy onzalez,"3546 River Road, Auburn, 46241",clean_134
messy_135,Betty Hill,"4637 Maple Dr, Salem, 48829",clean_135
messy_136,Jacob White,"2940 Second Avenue, Springfiedl, 80010",clean_136
messy_137,Paul Moore,"74 6Oak Avenue, Troy, 48290",clean_137
messy_138,Paul Green,"8043 Maple Dr, Springfield, 85243",clean_138
messy_139,Justin Walker,"7844 Market Street, Newport 34164",clean_139
messy_140,Richard Taylor,"7828 Maple Drive, Georgetown",clean_140
messy_141,Deborah Jones,"9454 Hill Street, Fanklin, 29887",clean_141
messy_142,Kenneth Torre,"4979 Park Lane, Oxford, 25525",clean_142
messy_143,Sandra Hill,"9767 Valley Dr, Oxford, 78494",clean_143
messy_144,Karen Lewis,"7254 Second Avenue, Chester, 66207",clean_144
messy_145,Mary Torrs,"987 Valley Drive, Arlington, 37235",clean_145
messy_146,Jeffrey Taylor,"1331 Pine Street, Oxfod, 32782",clean_146
messy_147,Charles Hernandez,"44 High Street, Richmond, 78832",clean_147
messy_148,Sarah Jackson,"535 Lincoln Boulevard, Dover",clean_148
messy_149,Michelle Jones,"3825 First St, Chester, 96662",clean_149
messy_150,Larry Smith,"9273 Forest Avenue, Franklin, 89482",
messy_151,Dorothy Jackson,"3771 Valley Drive, Hudson, 38705",
messy_152,Ronald Flores,"4107 Forest Avenue, Fairview, 92345",
messy_153,Anthony Green,"646 Second Avenue, Richmond, 14373",
messy_154,Jessica Campbell,"2154 Park Lane, Dover, 52823",
messy_155,Sandra Lopez,"3290 Cedar Road, Troy, 57953",
messy_156,Betty Allen,"4466 Pine Street, Clinton, 73156",
messy_157,Scott Perez,"1887 Market Street, Georgetown, 28449",
messy_158,Ryan Baker,"6512 Broad Street, Hudson, 21836",
messy_159,Lisa Smith,"4333 Broad Street, Arlington, 69609",
messy_160,Sarah Baker,"4296 Mill Road, Bristol, 93695",
messy_161,Sarah Miller,"3831 Center Street, Springfield, 91205",
messy_162,Jennifer Flores,"3627 Hill Street, Georgetown, 93283",
messy_163,Laura Hall,"4952 Hill Street, Clayton, 25292",
messy_164,Andrew Williams,"610 Second Avenue, Auburn, 25220",
messy_165,Anthony Thomas,"8808 Cedar Road, Bristol, 69459",
messy_166,Sarah Nelson,"8851 High Street, Chester, 30253",
messy_167,Sandra Adams,"1623 Center Street, Greenville, 63492",
messy_168,Larry Williams,"6071 Washington Avenue, Richmond, 68287",
messy_169,Gary White,"1628 Forest Avenue, Hudson, 81364",
messy_170,Susan Brown,"6524 First Street, Salem, 26011",
messy_171,Michelle Garcia,"3476 Hill Street, Greenville, 12799",
messy_172,Richard Perez,"3991 Cedar Road, Chester, 36896",
messy_173,Christopher Scott,"3395 Mill Road, Salem, 40539",
messy_174,Linda Martinez,"9765 Main Street, Clinton, 28964",
messy_175,Paul Wright,"4107 Pine Street, Arlington, 96646",
messy_176,Michael Rodriguez,"244 Elm Street, Oxford, 87182",
messy_177,Jennifer Johnson,"2855 First Street, Franklin, 26614",
messy_178,Sandra King,"1863 River Road, Georgetown, 72422",
messy_179,Sharon White,"8409 Mill Road, Arlington, 69245",
